<?xml version="1.0" encoding="UTF-8"?>
<beans xmlns="http://www.springframework.org/schema/beans"
	xmlns:xsi="http://www.w3.org/2001/XMLSchema-instance"
	xmlns:context="http://www.springframework.org/schema/context"
	xmlns:jee="http://www.springframework.org/schema/jee"
	xmlns:jpa="http://www.springframework.org/schema/data/jpa"
	xmlns:tx="http://www.springframework.org/schema/tx"
	xsi:schemaLocation="http://www.springframework.org/schema/jee http://www.springframework.org/schema/jee/spring-jee-4.3.xsd
		http://www.springframework.org/schema/beans http://www.springframework.org/schema/beans/spring-beans.xsd
		http://www.springframework.org/schema/tx 
   		 http://www.springframework.org/schema/tx/spring-tx-3.1.xsd
		http://www.springframework.org/schema/context http://www.springframework.org/schema/context/spring-context-4.3.xsd
		http://www.springframework.org/schema/data/jpa http://www.springframework.org/schema/data/jpa/spring-jpa-1.8.xsd
		http://www.springframework.org/schema/tx http://www.springframework.org/schema/tx/spring-tx-4.2.xsd">
	<jee:jndi-lookup id="dataSource" jndi-name="jdbc/mysql"
		expected-type="javax.sql.DataSource">
	</jee:jndi-lookup>
	<context:annotation-config></context:annotation-config>
	<context:component-scan
		base-package="com.nst.springmvc.dao">
	</context:component-scan>
	 <bean id="hibernateJpaVendorAdapter" 
    class="org.springframework.orm.jpa.vendor.HibernateJpaVendorAdapter"/>

     <bean id="entityManagerFactory" 
    class="org.springframework.orm.jpa.LocalContainerEntityManagerFactoryBean">
    <property name="dataSource" ref="dataSource"/>
    <property name="jpaVendorAdapter" ref="hibernateJpaVendorAdapter"/>
    <!-- Set JPA properties -->
    <property name="jpaProperties">
      <props>
        <prop key="hibernate.dialect">org.hibernate.dialect.MySQL5InnoDBDialect</prop>
        
        <prop key="hibernate.show_sql">true</prop>
      </props>
    </property>
    <!-- Set base package of your entities -->
    <property name="packagesToScan" value="com.nst.springmvc.domen"/>
    <!-- Set share cache mode -->
    <property name="sharedCacheMode" value="ENABLE_SELECTIVE"/>
    <!-- Set validation mode -->
    <property name="validationMode" value="NONE"/>
  </bean>
  <bean id="transactionManager" 
    class="org.springframework.orm.jpa.JpaTransactionManager">
    <property name="entityManagerFactory" ref="entityManagerFactory"/>
  </bean>
	 <jpa:repositories
            base-package="com.nst.springmvc.dao" />
            <tx:annotation-driven/>
	
</beans>
